#;Dátum a čas (Bratislava);Smer;Entry;TP;Zisk do TP (USD);Stav;Max ponor (USD);Trieda ponoru;Trvanie do TP (h);Trvanie do TP;Čas upravený
1;29.12.2025 09:17;;;4489.22;;nevyhodnotené;;;;;
2;02.01.2026 09:36;BUY;4387.50;4392.53;5.03;TP hit (iba post);;;;;
3;05.01.2026 09:28;BUY;4429.00;4433.69;4.69;TP hit;5.80;MIERNY;0.57;34 min;
4;05.01.2026 16:02;;;4445.00;;TP hit (iba post);;;;;
5;07.01.2026 10:16;BUY;4464.37;4468.92;4.55;TP hit;19.80;VÝRAZNÝ;3.42;3h 25m;
6;09.01.2026 11:43;BUY;4470.60;4474.26;3.66;TP hit;4.46;ČISTÝ;0.10;6 min;
7;12.01.2026 08:43;BUY;4581.89;4586.94;5.05;TP hit (iba post);;;;;
8;12.01.2026 14:16;;;4603.90;;TP hit (iba post);;;;;
9;19.01.2026 10:08;BUY;4668.08;4672.19;4.11;TP hit;2.65;ČISTÝ;0.10;6 min;
10;20.01.2026 15:01;BUY;4724.00;4736.87;12.87;TP hit;8.29;MIERNY;1.68;1h 41m;
11;21.01.2026 10:28;BUY;4874.00;4880.35;6.35;TP hit;19.02;VÝRAZNÝ;4.55;4h 33m;
12;23.01.2026 10:09;BUY;4913.00;4920.36;7.36;TP hit;0.29;ČISTÝ;0.00;< 1 min;
13;26.01.2026 07:23;;;5078.56;;TP hit (iba post);;;;;
14;27.01.2026 07:48;BUY;5092.00;5096.19;4.19;TP hit;9.45;MIERNY;0.23;14 min;
15;27.01.2026 21:07;BUY;5090.00;5115.00;25.00;TP hit;43.53;HLBOKÝ;10.50;10h 30m;
16;28.01.2026 19:08;BUY;5302.00;5311.00;9.00;TP hit;4.04;ČISTÝ;0.03;2 min;
17;02.02.2026 10:04;BUY;4615.00;4634.47;19.47;TP hit;15.29;VÝRAZNÝ;0.18;11 min;
18;03.02.2026 23:06;;;4952.65;;TP hit (iba post);;;;;
19;04.02.2026 07:35;BUY;5060.73;5071.43;10.70;TP hit;25.64;VÝRAZNÝ;1.65;1h 39m;
20;05.02.2026 08:59;BUY;4920.00;4928.69;8.69;TP hit;7.75;MIERNY;0.18;11 min;
21;06.02.2026 08:34;BUY;4848.00;4859.49;11.49;TP hit;7.03;MIERNY;0.10;6 min;
22;09.02.2026 07:59;BUY;5034.00;5046.63;12.63;TP hit;51.88;HLBOKÝ;6.75;6h 45m;
23;11.02.2026 08:17;BUY;5064.00;5067.78;3.78;TP hit;6.91;MIERNY;0.03;2 min;
24;11.02.2026 13:27;;;5067.78;;nevyhodnotené;;;;;
25;13.02.2026 08:07;BUY;4963.00;4971.58;8.58;TP hit;1.90;ČISTÝ;0.07;4 min;
26;16.02.2026 09:10;BUY;5004.00;5010.90;6.90;TP hit;8.71;MIERNY;0.85;51 min;
27;17.02.2026 08:05;BUY;4909.00;4915.92;6.92;TP hit;0.29;ČISTÝ;0.00;< 1 min;
28;19.02.2026 09:25;BUY;5000.00;5018.15;18.15;TP hit;37.36;HLBOKÝ;6.02;6h 01m;
29;23.02.2026 09:11;BUY;5137.84;5142.39;4.55;TP hit;16.02;VÝRAZNÝ;1.00;1h 00m;
30;25.02.2026 05:59;BUY;5183.00;5188.13;5.13;TP hit;6.67;MIERNY;0.38;23 min;
31;25.02.2026 07:41;;;5210.00;;TP hit (iba post);;;;;
32;02.03.2026 07:34;BUY;5379.00;5387.23;8.23;TP hit;0.35;ČISTÝ;0.03;2 min;
33;02.03.2026 10:33;;;5418.34;;nevyhodnotené;;;;;
34;03.03.2026 12:38;BUY;5133.00;5159.07;26.07;TP hit;61.35;HLBOKÝ;0.60;36 min;
35;04.03.2026 09:20;BUY;5157.01;5170.57;13.56;TP hit;9.77;MIERNY;0.62;37 min;
36;05.03.2026 08:28;BUY;5164.00;5173.51;9.51;TP hit;2.90;ČISTÝ;0.35;21 min;
37;06.03.2026 07:45;BUY;5121.22;5126.23;5.01;TP hit;59.09;HLBOKÝ;5.58;5h 35m;
38;09.03.2026 10:18;BUY;5116.00;5122.14;6.14;TP hit;5.67;MIERNY;0.17;10 min;
39;10.03.2026 11:24;BUY;5179.00;5202.38;23.38;TP hit;22.82;VÝRAZNÝ;3.15;3h 09m;
40;11.03.2026 08:34;BUY;5189.00;5197.43;8.43;TP hit;2.50;ČISTÝ;0.23;14 min;
41;16.03.2026 07:41;BUY;5023.00;5028.51;5.51;TP hit;11.18;MIERNY;0.80;48 min;
42;17.03.2026 07:54;BUY;5010.00;5016.86;6.86;TP hit;18.27;VÝRAZNÝ;2.37;2h 22m;
43;19.03.2026 21:10;BUY;4655.00;4666.39;11.39;TP hit;152.89;EXTRÉM;10.30;10h 18m;
44;23.03.2026 13:26;BUY;4391.00;4413.03;22.03;TP hit;17.24;VÝRAZNÝ;0.00;< 1 min;
45;24.03.2026 09:13;BUY;4418.00;4432.99;14.99;TP hit;22.38;VÝRAZNÝ;1.87;1h 52m;
46;24.03.2026 11:57;;;4445.82;;TP hit (iba post);;;;;
47;25.03.2026 15:51;;;4594.22;;nevyhodnotené;;;;;
48;02.04.2026 08:08;BUY;4565.07;4577.83;12.76;TP hit;11.91;MIERNY;0.08;5 min;
49;06.04.2026 09:15;BUY;4651.00;4658.81;7.81;TP hit;6.26;MIERNY;0.48;29 min;
50;06.04.2026 12:54;;;4658.81;;nevyhodnotené;;;;;
51;08.04.2026 14:03;;;4810.54;;nevyhodnotené;;;;;
52;10.04.2026 12:05;BUY;4746.00;4752.79;6.79;TP hit;4.96;ČISTÝ;0.32;19 min;
53;13.04.2026 07:23;;;4737.60;;TP hit (iba post);;;;;
54;14.04.2026 11:10;BUY;4785.40;4801.48;16.08;TP hit;34.12;HLBOKÝ;6.62;6h 37m;
55;16.04.2026 07:52;BUY;4829.00;4833.82;4.82;TP hit;3.94;ČISTÝ;0.03;2 min;
56;20.04.2026 11:03;BUY;4795.00;4801.62;6.62;TP hit;1.30;ČISTÝ;0.30;18 min;
57;22.04.2026 08:13;BUY;4761.00;4767.55;6.55;TP hit;9.13;MIERNY;1.88;1h 53m;
58;23.04.2026 10:27;;;4724.48;;nevyhodnotené;;;;;
59;23.04.2026 14:25;;;4724.00;;TP hit (iba post);;;;;
60;24.04.2026 10:58;BUY;4689.00;4692.77;3.77;TP hit;0.65;ČISTÝ;0.20;12 min;
61;27.04.2026 10:03;;;4716.03;;nevyhodnotené;;;;;
62;29.04.2026 14:11;BUY;4563.00;4567.31;4.31;TP hit;5.92;MIERNY;0.17;10 min;
63;30.04.2026 07:44;;;4566.31;;TP hit (iba post);;;;;
64;30.04.2026 08:53;BUY;4575.00;4580.00;5.00;TP hit;2.75;ČISTÝ;0.02;1 min;
65;30.04.2026 10:17;;;4599.00;;TP hit (iba post);;;;;
66;01.05.2026 11:21;BUY;4569.00;4573.77;4.77;TP hit;8.96;MIERNY;2.13;2h 08m;
67;04.05.2026 10:06;BUY;4575.00;4582.60;7.60;TP hit;1.54;ČISTÝ;1.15;1h 09m;
68;05.05.2026 10:33;BUY;4552.00;4556.73;4.73;TP hit;3.73;ČISTÝ;0.58;35 min;
69;08.05.2026 14:49;BUY;4724.00;4730.40;6.40;TP hit;27.27;VÝRAZNÝ;5.73;5h 44m;
70;11.05.2026 10:24;BUY;4678.50;4684.33;5.83;TP hit;28.16;VÝRAZNÝ;5.37;5h 22m;
71;12.05.2026 13:37;BUY;4701.00;4706.12;5.12;TP hit;3.46;ČISTÝ;0.35;21 min;
72;18.05.2026 09:37;BUY;4546.00;4555.64;9.64;TP hit;7.84;MIERNY;0.50;30 min;
73;20.05.2026 10:27;BUY;4483.00;4487.59;4.59;TP hit;8.12;MIERNY;1.35;1h 21m;
74;20.05.2026 16:35;BUY;4507.00;4518.45;11.45;TP hit;11.74;MIERNY;0.15;9 min;
75;21.05.2026 10:13;BUY;4531.00;4538.12;7.12;TP hit;4.82;ČISTÝ;1.03;1h 02m;
76;22.05.2026 07:20;BUY;4526.00;4531.40;5.40;TP hit;11.50;MIERNY;2.83;2h 50m;
77;25.05.2026 09:42;BUY;4559.00;4564.81;5.81;TP hit;6.75;MIERNY;0.60;36 min;
78;26.05.2026 09:55;BUY;4532.00;4536.14;4.14;TP hit;10.52;MIERNY;0.93;56 min;
79;27.05.2026 10:54;BUY;4488.00;4496.68;8.68;TP hit;12.39;MIERNY;1.72;1h 43m;
80;29.05.2026 11:15;;;4527.81;;TP hit (iba post);;;;;
81;29.05.2026 12:40;;;4543.00;;TP hit (iba post);;;;;
82;01.06.2026 10:05;BUY;4495.69;4501.19;5.50;TP hit;3.50;ČISTÝ;0.18;11 min;
83;03.06.2026 10:00;BUY;4452.00;4458.82;6.82;TP hit;1.43;ČISTÝ;0.07;4 min;
84;04.06.2026 10:15;BUY;4462.00;4467.82;5.82;TP hit;0.60;ČISTÝ;0.20;12 min;
85;05.06.2026 11:15;BUY;4465.00;4470.79;5.79;TP hit;6.83;MIERNY;4.47;4h 28m;
86;08.06.2026 10:25;BUY;4289.00;4310.51;21.51;TP hit;16.36;VÝRAZNÝ;2.88;2h 53m;
87;09.06.2026 08:34;BUY;4332.00;4342.11;10.11;TP hit;11.12;MIERNY;4.85;4h 51m;
88;11.06.2026 09:01;BUY;4087.00;4097.25;10.25;TP hit;34.53;HLBOKÝ;7.30;7h 18m;
89;12.06.2026 10:45;BUY;4217.00;4230.20;13.20;TP hit;40.05;HLBOKÝ;7.10;7h 06m;
90;15.06.2026 10:23;BUY;4329.00;4337.38;8.38;TP hit;4.75;ČISTÝ;0.47;28 min;
91;16.06.2026 11:00;BUY;4348.00;4358.15;10.15;TP hit;1.90;ČISTÝ;0.02;1 min;
92;22.06.2026 09:01;BUY;4197.00;4205.07;8.07;TP hit;8.60;MIERNY;2.10;2h 06m;áno
93;23.06.2026 11:26;BUY;4115.00;4128.06;13.06;TP hit;24.45;VÝRAZNÝ;3.00;3h 00m;áno
94;25.06.2026 08:45;BUY;3981.00;3994.26;13.26;TP hit;9.71;MIERNY;0.95;57 min;
95;26.06.2026 08:24;BUY;4020.00;4036.20;16.20;TP hit;0.48;ČISTÝ;0.23;14 min;áno
96;30.06.2026 09:47;BUY;4030.37;4039.56;9.19;TP hit;21.98;VÝRAZNÝ;6.82;6h 49m;áno
97;01.07.2026 10:29;BUY;3979.00;3986.76;7.76;TP hit;8.04;MIERNY;1.75;1h 45m;áno
98;07.07.2026 07:36;BUY;4123.00;4132.28;9.28;TP hit;3.19;ČISTÝ;0.85;51 min;áno
99;13.07.2026 10:06;BUY;4068.00;4072.12;4.12;TP hit;1.50;ČISTÝ;0.08;5 min;áno
100;13.07.2026 12:22;BUY;4067.00;4072.12;5.12;TP hit;38.09;HLBOKÝ;0.00;< 1 min;
101;15.07.2026 10:21;BUY;4023.00;4028.73;5.73;TP hit;5.84;MIERNY;1.10;1h 06m;áno
102;16.07.2026 11:20;BUY;4035.00;4040.81;5.81;TP hit;14.01;MIERNY;3.18;3h 11m;áno
103;17.07.2026 10:51;BUY;3996.00;4001.57;5.57;TP hit;8.40;MIERNY;2.28;2h 17m;áno
104;20.07.2026 09:05;BUY;4005.00;4008.42;3.42;TP hit;2.94;ČISTÝ;0.38;23 min;áno
105;20.07.2026 12:09;BUY;4020.00;4024.03;4.03;TP hit;4.42;ČISTÝ;0.33;20 min;áno
106;21.07.2026 11:53;BUY;4067.00;4071.37;4.37;TP hit;22.84;VÝRAZNÝ;6.47;6h 28m;áno
107;23.07.2026 09:54;BUY;4092.00;4098.63;6.63;TP hit;5.21;MIERNY;1.33;1h 20m;áno
108;24.07.2026 10:08;BUY;4046.00;4053.01;7.01;TP hit;2.25;ČISTÝ;0.40;24 min;áno
109;27.07.2026 08:27;BUY;4095.00;4098.75;3.75;TP hit;8.12;MIERNY;1.98;1h 59m;áno
110;28.07.2026 08:38;BUY;4048.00;4053.01;5.01;TP hit;2.12;ČISTÝ;1.10;1h 06m;
111;30.07.2026 08:36;BUY;4035.00;4039.56;4.56;TP hit;1.82;ČISTÝ;0.00;< 1 min;áno
112;31.07.2026 10:33;BUY;4057.00;4063.23;6.23;TP hit;2.90;ČISTÝ;0.43;26 min;áno
113;03.08.2026 08:26;BUY;4069.00;4075.13;6.13;TP hit;23.61;VÝRAZNÝ;3.75;3h 45m;áno
114;05.08.2026 19:36;BUY;4247.00;4255.35;8.35;TP hit;13.96;MIERNY;0.22;13 min;áno
115;06.08.2026 10:38;BUY;4272.00;4280.56;8.56;TP hit;2.50;ČISTÝ;0.50;30 min;áno
116;07.08.2026 10:11;BUY;4294.00;4302.09;8.09;TP hit;11.27;MIERNY;1.55;1h 33m;áno
117;10.08.2026 09:17;BUY;4352.00;4357.60;5.60;TP hit;2.04;ČISTÝ;0.20;12 min;áno
118;11.08.2026 08:11;BUY;4378.00;4387.25;9.25;TP hit;1.62;ČISTÝ;0.60;36 min;áno
119;12.08.2026 08:49;BUY;4399.00;4405.41;6.41;TP hit;1.01;ČISTÝ;0.28;17 min;áno
120;13.08.2026 09:04;BUY;4379.00;4385.19;6.19;TP hit;15.10;VÝRAZNÝ;3.00;3h 00m;áno
121;14.08.2026 09:06;BUY;4334.00;4340.91;6.91;TP hit;4.50;ČISTÝ;0.75;45 min;áno
122;17.08.2026 06:17;BUY;4398.00;4405.18;7.18;TP hit;2.17;ČISTÝ;0.28;17 min;áno
123;19.08.2026 10:08;BUY;4358.00;4364.77;6.77;TP hit;7.01;MIERNY;2.75;2h 45m;áno
124;20.08.2026 09:35;BUY;4489.00;4493.46;4.46;TP hit;5.68;MIERNY;0.67;40 min;áno
125;20.08.2026 18:38;BUY;4510.00;4524.09;14.09;TP hit;2.73;ČISTÝ;0.13;8 min;áno
126;20.08.2026 22:12;BUY;4524.00;4540.91;16.91;TP hit;15.46;VÝRAZNÝ;2.70;2h 42m;
127;24.08.2026 10:45;BUY;4644.00;4649.58;5.58;TP hit;15.38;VÝRAZNÝ;2.78;2h 47m;áno
128;25.08.2026 11:54;BUY;4639.00;4646.03;7.03;TP hit;19.07;VÝRAZNÝ;4.82;4h 49m;áno
129;27.08.2026 11:29;BUY;4598.00;4603.63;5.63;TP hit;4.71;ČISTÝ;0.72;43 min;áno
130;28.08.2026 11:32;BUY;4603.00;4609.43;6.43;TP hit;6.66;MIERNY;0.25;15 min;áno
131;31.08.2026 10:44;BUY;4435.00;4444.91;9.91;TP hit;0.12;ČISTÝ;0.15;9 min;áno
132;01.09.2026 11:16;BUY;4375.00;4382.35;7.35;TP hit;10.99;MIERNY;1.73;1h 44m;áno
133;02.09.2026 09:59;BUY;4323.00;4330.86;7.86;TP hit;3.96;ČISTÝ;0.17;10 min;áno
134;03.09.2026 09:42;BUY;4329.00;4439.33;110.33;TP hit;46.97;HLBOKÝ;39.82;1d 15h 49m;áno
135;07.09.2026 10:18;BUY;4420.00;4429.18;9.18;TP hit;5.25;MIERNY;0.72;43 min;áno
136;08.09.2026 11:01;BUY;4393.00;4397.65;4.65;TP hit;5.36;MIERNY;0.92;55 min;áno
137;09.09.2026 10:16;BUY;4403.00;4413.56;10.56;TP hit;16.98;VÝRAZNÝ;4.73;4h 44m;áno
138;10.09.2026 09:43;BUY;4407.00;4412.16;5.16;TP hit;3.12;ČISTÝ;0.28;17 min;áno
139;11.09.2026 10:09;BUY;4346.00;4350.87;4.87;TP hit;3.88;ČISTÝ;0.25;15 min;áno
140;14.09.2026 10:59;BUY;4306.00;4312.87;6.87;TP hit;52.56;HLBOKÝ;7.82;7h 49m;áno
141;15.09.2026 11:15;BUY;4264.00;4270.80;6.80;TP hit;2.02;ČISTÝ;0.43;26 min;áno
142;16.09.2026 10:04;BUY;4327.00;4337.41;10.41;TP hit;4.34;ČISTÝ;0.30;18 min;áno
143;17.09.2026 10:34;BUY;4315.00;4321.94;6.94;TP hit;10.23;MIERNY;2.28;2h 17m;áno
144;18.09.2026 10:59;BUY;4392.00;4401.49;9.49;otvorený;288.19;EXTRÉM;;;áno
145;21.09.2026 09:50;BUY;4346.89;4353.89;7.00;TP hit;3.67;ČISTÝ;0.43;26 min;áno
146;22.09.2026 11:01;BUY;4320.00;4325.15;5.15;TP hit;28.75;VÝRAZNÝ;1.83;1h 50m;
147;23.09.2026 10:05;BUY;4319.80;4324.18;4.38;otvorený;216.00;EXTRÉM;;;
148;24.09.2026 10:40;BUY;4267.00;4273.86;6.86;TP hit;23.07;VÝRAZNÝ;4.03;4h 02m;
149;25.09.2026 10:36;BUY;4288.00;4292.34;4.34;TP hit;2.88;ČISTÝ;0.15;9 min;
150;28.09.2026 12:21;BUY;4152.70;4164.05;11.35;TP hit;6.16;MIERNY;1.75;1h 45m;
151;29.09.2026 12:31;BUY;4144.00;4150.70;6.70;TP hit;8.23;MIERNY;3.80;3h 48m;
152;30.09.2026 12:23;BUY;4188.50;4194.58;6.08;TP hit;12.35;MIERNY;1.85;1h 51m;
153;01.10.2026 09:36;BUY;4162.04;4168.25;6.21;TP hit;13.16;MIERNY;2.92;2h 55m;
154;02.10.2026 10:55;BUY;4183.60;4190.84;7.24;TP hit;18.43;VÝRAZNÝ;3.58;3h 35m;
155;05.10.2026 12:00;BUY;4158.67;4163.91;5.24;TP hit;3.21;ČISTÝ;0.92;55 min;
156;06.10.2026 10:36;;;4151.77;;TP hit (iba post);;;;;
157;07.10.2026 11:15;;;4128.19;;TP hit (iba post);;;;;
158;08.10.2026 09:23;;;4133.94;;TP hit (iba post);;;;;
