#;Ticket;Otvorené;Smer;Lot;Entry;Zatvorené;Exit;Pohyb (USD/oz);Pip;Zisk USD;Zisk USD / lot;Trvanie (h);Trvanie;Kôš;Zostatok po
1;153975639;01.09.2026 11:03:03;SELL;1.00;4415.27;01.09.2026 11:04:09;4411.78;3.49;35;349.00;349.00;0.02;1 min;;10349.00
2;153979642;01.09.2026 12:51:39;SELL;0.20;4371.03;01.09.2026 15:24:14;4366.94;4.09;41;81.80;409.00;2.54;2h 33m;1;10430.80
3;153980630;01.09.2026 13:29:20;SELL;0.10;4385.01;01.09.2026 15:24:15;4367.33;17.68;177;176.80;1768.00;1.92;1h 55m;1;10607.60
4;154006559;02.09.2026 10:23:21;SELL;0.10;4327.13;02.09.2026 12:25:21;4306.99;20.14;201;201.40;2014.00;2.03;2h 02m;2;10809.00
5;154007720;02.09.2026 11:12:55;SELL;0.10;4327.55;02.09.2026 12:25:22;4307.34;20.21;202;202.10;2021.00;1.21;1h 12m;2;11011.10
6;154017219;02.09.2026 16:44:45;SELL;0.20;4377.02;08.09.2026 19:16:47;4386.28;-9.26;-93;-185.20;-926.00;146.53;6d 2h 32m;3;11667.50
7;154032972;03.09.2026 10:39:00;SELL;0.20;4428.01;08.09.2026 19:16:46;4385.93;42.08;421;841.60;4208.00;128.63;5d 8h 38m;3;11852.70
8;154140079;09.09.2026 10:44:36;SELL;0.30;4409.53;09.09.2026 18:32:04;4394.00;15.53;155;465.90;1553.00;7.79;7h 47m;;12133.40
9;154161209;09.09.2026 20:00:32;SELL;0.30;4410.52;09.09.2026 22:36:24;4397.56;12.96;130;388.80;1296.00;2.60;2h 36m;;12522.20
10;154189043;10.09.2026 16:30:41;SELL;0.30;4356.11;10.09.2026 21:15:21;4340.45;15.66;157;469.80;1566.00;4.74;4h 45m;;12992.00
11;154211690;11.09.2026 10:11:38;SELL;0.30;4354.01;11.09.2026 12:15:11;4342.32;11.69;117;350.70;1169.00;2.06;2h 04m;;13342.70
12;154257741;14.09.2026 06:37:21;SELL;0.30;4330.72;14.09.2026 12:22:41;4289.51;41.21;412;1236.30;4121.00;5.76;5h 45m;;14579.00
13;154277202;14.09.2026 17:08:33;SELL;0.30;4270.37;16.09.2026 21:57:02;4264.99;5.38;54;161.40;538.00;52.81;2d 4h 48m;4;14740.40
14;154283564;14.09.2026 19:08:28;SELL;0.20;4291.05;16.09.2026 21:57:03;4264.66;26.39;264;527.80;2639.00;50.81;2d 2h 49m;4;15268.20
15;154412676;17.09.2026 10:51:38;SELL;0.40;4331.01;22.09.2026 10:53:09;4302.98;28.03;280;1121.20;2803.00;120.03;5d 0h 02m;;16389.40
16;154554928;22.09.2026 13:29:12;SELL;0.40;4330.00;23.09.2026 14:42:37;4302.10;27.90;279;1116.00;2790.00;25.22;1d 1h 13m;;17505.40
17;154816797;24.09.2026 08:38:13;SELL;0.40;4287.04;24.09.2026 11:17:07;4272.04;15.00;150;600.00;1500.00;2.65;2h 39m;;18105.40
18;155132732;24.09.2026 19:31:21;SELL;0.40;4277.04;24.09.2026 19:32:03;4272.91;4.13;41;165.20;413.00;0.01;1 min;;18270.60
19;155144454;24.09.2026 19:39:50;SELL;0.40;4277.04;24.09.2026 19:45:15;4273.14;3.90;39;156.00;390.00;0.09;5 min;;18426.60
20;155308616;25.09.2026 09:46:38;SELL;0.40;4277.00;25.09.2026 17:01:38;4268.98;8.02;80;320.80;802.00;7.25;7h 15m;;18747.40
21;155777211;28.09.2026 15:17:00;SELL;0.40;4166.62;28.09.2026 15:44:38;4143.84;22.78;228;911.20;2278.00;0.46;28 min;;19658.60
22;156002213;29.09.2026 07:25:03;SELL;0.40;4130.04;02.10.2026 18:01:32;4154.00;-23.96;-240;-958.40;-2396.00;82.61;3d 10h 36m;5;18889.20
23;158112711;01.10.2026 08:58:15;SELL;0.20;4187.02;02.10.2026 15:17:32;4177.57;9.45;94;189.00;945.00;30.32;1d 6h 19m;;19847.60
24;158863682;02.10.2026 15:37:53;SELL;0.20;4220.25;02.10.2026 18:01:32;4154.22;66.03;660;1320.60;6603.00;2.39;2h 24m;5;20209.80
25;159063221;05.10.2026 12:12:44;SELL;0.30;4166.78;05.10.2026 18:46:00;4134.71;32.07;321;962.10;3207.00;6.55;6h 33m;;21171.90
26;159231524;06.10.2026 08:56:25;SELL;0.30;4121.00;07.10.2026 09:59:29;4130.85;-9.85;-98;-295.50;-985.00;25.05;1d 1h 03m;6;20876.40
27;159232831;06.10.2026 09:32:31;SELL;0.20;4133.55;07.10.2026 09:59:29;4130.85;2.70;27;54.00;270.00;24.45;1d 0h 27m;6;20930.40
28;159312108;06.10.2026 18:26:15;SELL;0.20;4163.50;07.10.2026 09:59:29;4130.85;32.65;326;653.00;3265.00;15.55;15h 33m;6;21583.40
29;159350626;07.10.2026 17:59:49;SELL;0.30;4103.90;07.10.2026 20:56:37;4109.68;-5.78;-58;-173.40;-578.00;2.95;2h 57m;7;21640.40
30;159364686;07.10.2026 20:18:30;SELL;0.20;4121.02;07.10.2026 20:56:23;4109.50;11.52;115;230.40;1152.00;0.63;38 min;7;21813.80
31;159384937;08.10.2026 07:34:29;SELL;0.30;4133.39;08.10.2026 23:54:04;4133.30;0.09;1;2.70;9.00;16.33;16h 20m;;21643.10
